Workbook

Sheet REGISTRO UNIFICADO
D2: *Preenchimento obrigatório | E2: ÁREA | Q2: ESCRITÓRIO | AE2: PRIVACIDADE | AH2: BASE INDICADORES
A3: STATUS | B3: ÁREA | C3: ID | D3: PROCESSO | E3: DEPTO | F3: FINALIDADE/JUSTIFICATIVA | G3: DADOS TRATADOS | H3: Compartilha/envia para outra área?* | I3: Quais áreas? (se Sim) | J3: Compartilha com alguém FORA da Empresa?* | K3: Quem são? (se Sim) | L3: Sistemas/Plataformas utilizadas* | M3: ARMAZENAMENTO | N3: Como chega até você? | O3: Responsável pelo preenchimento | P3: Comentários (Opcional) | Q3: *BASE LEGAL (Art. 7 - 11 LGPD) | R3: *TIPO DE AGENTE DE TRATAMENTO | S3: *TIPO DE DADO | T3: *TITULARES VULNERÁVEIS | U3: *TRANFERÊNCIA INTERNACIONAL | V3: *RETENÇÃO E DESCARTE | W3: *OBSERVAÇÕES RETENÇÃO E DESCARTE | X3: RISCOS IDENTIFICADOS | Y3: *CLASSIFICAÇÃO DE RISCO | Z3: OBSERVAÇÕES RISCOS IDENTIFICADOS | AA3: DÚVIDAS ESCRITÓRIO | AB3: RESPOSTA FCAV | AC3: PLANO DE AÇÃO | AD3: OBSERVAÇÕES ESCRITÓRIO | AE3: RELATÓRIOS AÇÕES COMPLEMENTARES | AF3: DATA ÚLTIMA ANÁLISE | AG3: OBSERVAÇÕES FCAV | AH3: % Preenchimento Área | AI3: % Preenchimento Escritório | AJ3: % Preenchimento LGPD | AK3: % Preenchimento Geral
AH4: {=IF(A4:A990="", "", IF(A4:A990="Duplicado", "-", ( (LEN(D4:D990)>0) + (LEN(F4:F990)>0) + (LEN(G4:G990)>0) + (LEN(H4:H990)>0) + IF(H4:H990="Sim", (LEN(I4:I990)>0), 1) + (LEN(J4:J990)>0) + IF(J4:J990="Sim", (LEN(K4:K990)>0), 1) + (LEN(L4:L990)>0) + (LEN(M4:M990)>0) + (LEN(N4:N990)>0) + (LEN(O4:O990)>0) ) / 11 ) )} | AI4: {=IF(A4:A990="", "", IF(A4:A990="Duplicado", "-", ( (LEN(Q4:Q990)>0) + (LEN(R4:R990)>0) + (LEN(S4:S990)>0) + (LEN(T4:T990)>0) + (LEN(U4:U990)>0) + (LEN(V4:V990)>0) + (LEN(W4:W990)>0) + (LEN(Y4:Y990)>0) ) / 8 ) )} | AJ4: {=IF(A4:A990="", "", IF(A4:A990="Duplicado", "-", ( (LEN(AE4:AE990)>0) + (LEN(AF4:AF990)>0) ) / 2 ) )} | AK4: {=IF(A4:A990="", "", IF(A4:A990="Duplicado", "-", ( (LEN(D4:D990)>0) + (LEN(F4:F990)>0) + (LEN(G4:G990)>0) + (LEN(H4:H990)>0) + IF(H4:H990="Sim", (LEN(I4:I990)>0), 1) + (LEN(J4:J990)>0) + IF(J4:J990="Sim", (LEN(K4:K990)>0), 1) + (LEN(L4:L990)>0) + (LEN(M4:M990)>0) + (LEN(N4:N990)>0) + (LEN(O4:O990)>0) + (LEN(Q4:Q990)>0) + (LEN(R4:R990)>0) + (LEN(S4:S990)>0) + (LEN(T4:T990)>0) + (LEN(U4:U990)>0) + (LEN(V4:V990)>0) + (LEN(W4:W990)>0) + (LEN(Y4:Y990)>0) + (LEN(AE4:AE990)>0) + (LEN(AF4:AF990)>0) ) / 21 ) )}

Sheet Dashboard Geral
B2: Total de Processos | D2: Total de Riscos Identificados | F2: Média Geral de Preenchimento | H2: Total Envios Internos | J2: Total Envios Externos | L2: Total de Processos com Dados de Vulneráveis
B3: =COUNTIFS('REGISTRO UNIFICADO'!A4:A841, "<>", 'REGISTRO UNIFICADO'!A4:A841, "<>Duplicado") -> 0 | D3: =E52 | F3: =AVERAGE('REGISTRO UNIFICADO'!AH4:AH841) -> #DIV/0! | H3: =H37 | J3: =I37 | L3: =R36
A7: Column 8 | B7: Área | C7: Qtd. Processos | D7: % Médio de Preenchimento Área | E7: % Médio de Preenchimento Escritório | F7: % Médio de Preenchimento Privacidade | G7: % Médio de Preenchimento Geral | H7: Status Visual
B8: =IFERROR(__xludf.DUMMYFUNCTION("QUERY('REGISTRO UNIFICADO'!A4:AK841, ""SELECT B, COUNT(A), AVG(AH), AVG(AI), AVG(AJ), AVG(AK) WHERE A IS NOT NULL AND A <> 'Duplicado' GROUP BY B ORDER BY COUNT(A) DESC LABEL COUNT(A) '', AVG(AH) '', AVG(AI) '', AVG(AJ) '', AVG(AK) ''"","&" 0)"),"#VALUE!") -> #VALUE! | H8: =IFERROR(__xludf.DUMMYFUNCTION("SPARKLINE(G8, {""charttype"",""bar""; ""max"",1; ""color1"",""#32327f""; ""color2"",""#d9d9d9""})"),"#N/A") -> #N/A
H9: =IFERROR(__xludf.DUMMYFUNCTION("SPARKLINE(G9, {""charttype"",""bar""; ""max"",1; ""color1"",""#32327f""; ""color2"",""#d9d9d9""})"),"#N/A") -> #N/A
H10: =IFERROR(__xludf.DUMMYFUNCTION("SPARKLINE(G10, {""charttype"",""bar""; ""max"",1; ""color1"",""#32327f""; ""color2"",""#d9d9d9""})"),"#N/A") -> #N/A
H11: =IFERROR(__xludf.DUMMYFUNCTION("SPARKLINE(G11, {""charttype"",""bar""; ""max"",1; ""color1"",""#32327f""; ""color2"",""#d9d9d9""})"),"#N/A") -> #N/A
H12: =IFERROR(__xludf.DUMMYFUNCTION("SPARKLINE(G12, {""charttype"",""bar""; ""max"",1; ""color1"",""#32327f""; ""color2"",""#d9d9d9""})"),"#N/A") -> #N/A
H13: =IFERROR(__xludf.DUMMYFUNCTION("SPARKLINE(G13, {""charttype"",""bar""; ""max"",1; ""color1"",""#32327f""; ""color2"",""#d9d9d9""})"),"#N/A") -> #N/A
H14: =IFERROR(__xludf.DUMMYFUNCTION("SPARKLINE(G14, {""charttype"",""bar""; ""max"",1; ""color1"",""#32327f""; ""color2"",""#d9d9d9""})"),"#N/A") -> #N/A
H15: =IFERROR(__xludf.DUMMYFUNCTION("SPARKLINE(G15, {""charttype"",""bar""; ""max"",1; ""color1"",""#32327f""; ""color2"",""#d9d9d9""})"),"#N/A") -> #N/A
H16: =IFERROR(__xludf.DUMMYFUNCTION("SPARKLINE(G16, {""charttype"",""bar""; ""max"",1; ""color1"",""#32327f""; ""color2"",""#d9d9d9""})"),"#N/A") -> #N/A
H17: =IFERROR(__xludf.DUMMYFUNCTION("SPARKLINE(G17, {""charttype"",""bar""; ""max"",1; ""color1"",""#32327f""; ""color2"",""#d9d9d9""})"),"#N/A") -> #N/A
H18: =IFERROR(__xludf.DUMMYFUNCTION("SPARKLINE(G18, {""charttype"",""bar""; ""max"",1; ""color1"",""#32327f""; ""color2"",""#d9d9d9""})"),"#N/A") -> #N/A
F20: Processo | G20: Média de Preenchimento
F21: Geral | G21: =AVERAGE('REGISTRO UNIFICADO'!AK4:AK841) -> #DIV/0!
F22: Área | G22: =AVERAGE('REGISTRO UNIFICADO'!AH4:AH841) -> #DIV/0!
F23: Escritório | G23: =AVERAGE('REGISTRO UNIFICADO'!AI4:AI841) -> #DIV/0!
F24: LGPD | G24: =AVERAGE('REGISTRO UNIFICADO'!AJ4:AJ841) -> #DIV/0! | Q24: =IFERROR(__xludf.DUMMYFUNCTION("{ QUERY( { 'REGISTRO UNIFICADO'!B4:B841 , 'REGISTRO UNIFICADO'!A4:A841 , ARRAYFORMULA(N(REGEXMATCH('REGISTRO UNIFICADO'!T4:T841, ""Crianças|Adolescentes|Idosos""))) }, ""SELECT Col1, SUM(Col3) WHERE Col1 IS NOT NULL A"&"ND Col2 <> 'Duplicado' GROUP BY Col1 ORDER BY SUM(Col3) DESC LABEL Col1 'Área', SUM(Col3) 'Qtd Vulneráveis'"", 1); { ""TOTAL"" , SUMPRODUCT( REGEXMATCH('REGISTRO UNIFICADO'!T4:T841, ""Crianças|Adolescentes|Idosos"") * ('R"&"EGISTRO UNIFICADO'!A4:A841 <> ""Duplicado"") ) } }"),"Área") -> Área | R24: =IFERROR(__xludf.DUMMYFUNCTION("""COMPUTED_VALUE"""),"Qtd Vulneráveis") -> Qtd Vulneráveis
G25: =IFERROR(__xludf.DUMMYFUNCTION("{ QUERY( { 'REGISTRO UNIFICADO'!B4:B841 , 'REGISTRO UNIFICADO'!A4:A841 , ARRAYFORMULA(N('REGISTRO UNIFICADO'!H4:H841=""Sim"")) , ARRAYFORMULA(N('REGISTRO UNIFICADO'!J4:J841=""Sim"")) }, ""SELECT Col1, SUM(Col3), SUM(C"&"ol4) WHERE Col1 IS NOT NULL AND Col2 <> 'Duplicado' GROUP BY Col1 LABEL Col1 'Área', SUM(Col3) 'Envio Interno', SUM(Col4) 'Envio Externo'"", 1); { ""TOTAL"" , COUNTIFS('REGISTRO UNIFICADO'!H4:H841, ""Sim"", 'REGISTRO UNIFICAD"&"O'!A4:A841, ""<>Duplicado"") , COUNTIFS('REGISTRO UNIFICADO'!J4:J841, ""Sim"", 'REGISTRO UNIFICADO'!A4:A841, ""<>Duplicado"") } }"),"Área") -> Área | H25: =IFERROR(__xludf.DUMMYFUNCTION("""COMPUTED_VALUE"""),"Envio Interno") -> Envio Interno | I25: =IFERROR(__xludf.DUMMYFUNCTION("""COMPUTED_VALUE"""),"Envio Externo") -> Envio Externo | K25: =IFERROR(__xludf.DUMMYFUNCTION("{ QUERY('REGISTRO UNIFICADO'!A4:AZ841, ""SELECT B, COUNT(A) WHERE A IS NOT NULL AND S IS NOT NULL AND A <> 'Duplicado' GROUP BY B PIVOT S LABEL B 'Área'"", 1); QUERY( QUERY('REGISTRO UNIFICADO'!A4:AZ841, ""SEL"&"ECT ' TOTAL', COUNT(A) WHERE A IS NOT NULL AND S IS NOT NULL AND A <> 'Duplicado' GROUP BY ' TOTAL' PIVOT S"", 1), ""SELECT * OFFSET 1"", 0) }"),"#VALUE!") -> #VALUE! | Q25: =IFERROR(__xludf.DUMMYFUNCTION("""COMPUTED_VALUE"""),"TOTAL") -> TOTAL | R25: =IFERROR(__xludf.DUMMYFUNCTION("""COMPUTED_VALUE"""),0.0) -> 0
G26: =IFERROR(__xludf.DUMMYFUNCTION("""COMPUTED_VALUE"""),"TOTAL") -> TOTAL | H26: =IFERROR(__xludf.DUMMYFUNCTION("""COMPUTED_VALUE"""),0.0) -> 0 | I26: =IFERROR(__xludf.DUMMYFUNCTION("""COMPUTED_VALUE"""),0.0) -> 0
C40: =IFERROR(__xludf.DUMMYFUNCTION("{ QUERY( { 'REGISTRO UNIFICADO'!B4:B841 , 'REGISTRO UNIFICADO'!A4:A841 , 'REGISTRO UNIFICADO'!X4:X841 }, ""SELECT Col1, COUNT(Col2), COUNT(Col3) WHERE Col1 IS NOT NULL AND Col2 <> 'Duplicado' GROUP BY Col1 "&" LABEL Col1 'Área', COUNT(Col2) 'Total Processos', COUNT(Col3) 'Com Riscos'"", 1); { ""TOTAL"" , COUNTIFS('REGISTRO UNIFICADO'!A4:A841, ""<>"", 'REGISTRO UNIFICADO'!A4:A841, ""<>Duplicado"") , COUNTIFS('REGISTRO UNIFICADO'!X4:X841, ""<>"""&", 'REGISTRO UNIFICADO'!A4:A841, ""<>Duplicado"") } }"),"Área") -> Área | D40: =IFERROR(__xludf.DUMMYFUNCTION("""COMPUTED_VALUE"""),"Total Processos") -> Total Processos | E40: =IFERROR(__xludf.DUMMYFUNCTION("""COMPUTED_VALUE"""),"Com Riscos") -> Com Riscos | K40: Dado Pessoal | L40: Dado Pessoal Sensível | M40: Dados Anonimizados
C41: =IFERROR(__xludf.DUMMYFUNCTION("""COMPUTED_VALUE"""),"TOTAL") -> TOTAL | D41: =IFERROR(__xludf.DUMMYFUNCTION("""COMPUTED_VALUE"""),0.0) -> 0 | E41: =IFERROR(__xludf.DUMMYFUNCTION("""COMPUTED_VALUE"""),0.0) -> 0 | K41: =L37 | L41: =M37 | M41: =N37
B55: =IFERROR(__xludf.DUMMYFUNCTION("{ QUERY( { 'REGISTRO UNIFICADO'!B4:B841 , ARRAYFORMULA(N('REGISTRO UNIFICADO'!Y4:Y841=""Baixo"")) , ARRAYFORMULA(N('REGISTRO UNIFICADO'!Y4:Y841=""Médio"")) , ARRAYFORMULA(N('REGISTRO UNIFICADO'!Y4:Y841=""Alto"")) , ARRAY"&"FORMULA(N('REGISTRO UNIFICADO'!Y4:Y841="""")) }, ""SELECT Col1, SUM(Col2), SUM(Col3), SUM(Col4), SUM(Col5) WHERE Col1 IS NOT NULL GROUP BY Col1 LABEL Col1 'Área', SUM(Col2) 'Baixo', SUM(Col3) 'Médio', SUM(Col4) 'Alto', SUM(Col5)"&" 'Não Identificado'"", 1); { ""TOTAL"" , COUNTIF('REGISTRO UNIFICADO'!Y4:Y841, ""Baixo"") , COUNTIF('REGISTRO UNIFICADO'!Y4:Y841, ""Médio"") , COUNTIF('REGISTRO UNIFICADO'!Y4:Y841, ""Alto"") , COUNTIFS('REGISTRO UNIFICADO'!B4:B841,"&" ""<>"", 'REGISTRO UNIFICADO'!Y4:Y841, """") } }"),"Área") -> Área | C55: =IFERROR(__xludf.DUMMYFUNCTION("""COMPUTED_VALUE"""),"Baixo") -> Baixo | D55: =IFERROR(__xludf.DUMMYFUNCTION("""COMPUTED_VALUE"""),"Médio") -> Médio | E55: =IFERROR(__xludf.DUMMYFUNCTION("""COMPUTED_VALUE"""),"Alto") -> Alto | F55: =IFERROR(__xludf.DUMMYFUNCTION("""COMPUTED_VALUE"""),"Não Identificado") -> Não Identificado
B56: =IFERROR(__xludf.DUMMYFUNCTION("""COMPUTED_VALUE"""),"TOTAL") -> TOTAL | C56: =IFERROR(__xludf.DUMMYFUNCTION("""COMPUTED_VALUE"""),0.0) -> 0 | D56: =IFERROR(__xludf.DUMMYFUNCTION("""COMPUTED_VALUE"""),0.0) -> 0 | E56: =IFERROR(__xludf.DUMMYFUNCTION("""COMPUTED_VALUE"""),0.0) -> 0 | F56: =IFERROR(__xludf.DUMMYFUNCTION("""COMPUTED_VALUE"""),0.0) -> 0

Sheet Dash_Áreas
B1: Geral
B3: Classificação | C3: Quantidade
B4: Baixo | C4: =IF($B$1="Geral", COUNTIFS('REGISTRO UNIFICADO'!Y4:Y1000, "Baixo", 'REGISTRO UNIFICADO'!A4:A1000, "<>Duplicado"), COUNTIFS('REGISTRO UNIFICADO'!B4:B1000, $B$1, 'REGISTRO UNIFICADO'!Y4:Y1000, "Baixo", 'REGISTRO UNIFICADO'!A4:A1000, "<>Duplicado") ) -> 0
B5: Médio | C5: =IF($B$1="Geral", COUNTIFS('REGISTRO UNIFICADO'!Y4:Y1000, "Médio", 'REGISTRO UNIFICADO'!A4:A1000, "<>Duplicado"), COUNTIFS('REGISTRO UNIFICADO'!B4:B1000, $B$1, 'REGISTRO UNIFICADO'!Y4:Y1000, "Médio", 'REGISTRO UNIFICADO'!A4:A1000, "<>Duplicado") ) -> 0
B6: Alto | C6: =IF($B$1="Geral", COUNTIFS('REGISTRO UNIFICADO'!Y4:Y1000, "Alto", 'REGISTRO UNIFICADO'!A4:A1000, "<>Duplicado"), COUNTIFS('REGISTRO UNIFICADO'!B4:B1000, $B$1, 'REGISTRO UNIFICADO'!Y4:Y1000, "Alto", 'REGISTRO UNIFICADO'!A4:A1000, "<>Duplicado") ) -> 0
B7: Não classificado | C7: =IF($B$1="Geral", COUNTIFS('REGISTRO UNIFICADO'!Y4:Y1000, "", 'REGISTRO UNIFICADO'!A4:A1000, "<>Duplicado", 'REGISTRO UNIFICADO'!A4:A1000, "<>"), COUNTIFS('REGISTRO UNIFICADO'!B4:B1000, $B$1, 'REGISTRO UNIFICADO'!Y4:Y1000, "", 'REGISTRO UNIFICADO'!A4:A1000, "<>Duplicado") ) -> 0
B9: Processos sem Riscos Classificados | D9: Total de Processos
B10: =SUM(B13-C24) -> 0 | D10: =COUNTIFS('REGISTRO UNIFICADO'!A4:A1000, "<>", 'REGISTRO UNIFICADO'!A4:A1000, "<>Duplicado") -> 0
B12: Quantidade de Processos na Área | D12: Quantidade de Coleta de Dados de Vulneráveis
B13: =IF($B$1="Geral", COUNTIFS('REGISTRO UNIFICADO'!A4:A1000, "<>", 'REGISTRO UNIFICADO'!A4:A1000, "<>Duplicado"), COUNTIFS('REGISTRO UNIFICADO'!B4:B1000, $B$1, 'REGISTRO UNIFICADO'!A4:A1000, "<>Duplicado", 'REGISTRO UNIFICADO'!A4:A1000, "<>") ) -> 0 | D13: =SUM(C27:C29) -> 0
B18: Fluxo de Dados | C18: Qtd
B19: Envio Interno | C19: =IF($B$1="Geral", COUNTIFS('REGISTRO UNIFICADO'!H:H, "Sim", 'REGISTRO UNIFICADO'!A:A, "<>Duplicado"), COUNTIFS('REGISTRO UNIFICADO'!B:B, $B$1, 'REGISTRO UNIFICADO'!H:H, "Sim", 'REGISTRO UNIFICADO'!A:A, "<>Duplicado") ) -> 0
B20: Envio Externo | C20: =IF($B$1="Geral", COUNTIFS('REGISTRO UNIFICADO'!J:J, "Sim", 'REGISTRO UNIFICADO'!A:A, "<>Duplicado"), COUNTIFS('REGISTRO UNIFICADO'!B:B, $B$1, 'REGISTRO UNIFICADO'!J:J, "Sim", 'REGISTRO UNIFICADO'!A:A, "<>Duplicado") ) -> 0
B22: Taxa de Riscos | C22: Quantidade
B23: Total de Processos | C23: =B13 -> 0
B24: Com Riscos Identificados | C24: =IF($B$1="Geral", COUNTIFS('REGISTRO UNIFICADO'!X4:X1000, "<>", 'REGISTRO UNIFICADO'!A4:A1000, "<>Duplicado", 'REGISTRO UNIFICADO'!A4:A1000, "<>"), COUNTIFS('REGISTRO UNIFICADO'!B4:B1000, $B$1, 'REGISTRO UNIFICADO'!X4:X1000, "<>", 'REGISTRO UNIFICADO'!A4:A1000, "<>Duplicado") ) -> 0
B26: Vulneráveis | C26: Qtd
B27: Crianças | C27: =IF($B$1="Geral", COUNTIFS('REGISTRO UNIFICADO'!T4:T1000, "*Crianças*", 'REGISTRO UNIFICADO'!A4:A1000, "<>Duplicado"), COUNTIFS('REGISTRO UNIFICADO'!B4:B1000, $B$1, 'REGISTRO UNIFICADO'!T4:T1000, "*Crianças*", 'REGISTRO UNIFICADO'!A4:A1000, "<>Duplicado") ) -> 0
B28: Adolescentes | C28: =IF($B$1="Geral", COUNTIFS('REGISTRO UNIFICADO'!T4:T1000, "*Adolescentes*", 'REGISTRO UNIFICADO'!A4:A1000, "<>Duplicado"), COUNTIFS('REGISTRO UNIFICADO'!B4:B1000, $B$1, 'REGISTRO UNIFICADO'!T4:T1000, "*Adolescentes*", 'REGISTRO UNIFICADO'!A4:A1000, "<>Duplicado") ) -> 0
B29: Idosos | C29: =IF($B$1="Geral", COUNTIFS('REGISTRO UNIFICADO'!T4:T1000, "*Idosos*", 'REGISTRO UNIFICADO'!A4:A1000, "<>Duplicado"), COUNTIFS('REGISTRO UNIFICADO'!B4:B1000, $B$1, 'REGISTRO UNIFICADO'!T4:T1000, "*Idosos*", 'REGISTRO UNIFICADO'!A4:A1000, "<>Duplicado") ) -> 0

Sheet Dash_Escritório
B2: Total de Processos | D2: Titulares Vulneráveis | F2: Transferência Internacional | H2: Plano de Ação
B3: =COUNTIFS('REGISTRO UNIFICADO'!A4:A1000, "<>", 'REGISTRO UNIFICADO'!A4:A1000, "<>Duplicado") -> 0 | D3: =IFERROR(__xludf.DUMMYFUNCTION("SUMPRODUCT(REGEXMATCH('REGISTRO UNIFICADO'!T4:T1000, ""Crianças|Adolescentes|Idosos"") * ('REGISTRO UNIFICADO'!A4:A1000 <> ""Duplicado""))"),0.0) -> 0 | F3: =COUNTIFS('REGISTRO UNIFICADO'!U:U, "Sim", 'REGISTRO UNIFICADO'!A:A, "<>Duplicado") -> 0 | H3: =COUNTIFS('REGISTRO UNIFICADO'!AC4:AC1000, "<>", 'REGISTRO UNIFICADO'!A4:A1000, "<>Duplicado") -> 0
A9: =IFERROR(__xludf.DUMMYFUNCTION("QUERY('REGISTRO UNIFICADO'!A4:BB1000, ""SELECT B, COUNT(A) WHERE AA IS NOT NULL AND A <> 'Duplicado' GROUP BY B ORDER BY COUNT(A) DESC LABEL B 'Área', COUNT(A) 'Planos de Ação'"", 0)"),"Área") -> Área | B9: =IFERROR(__xludf.DUMMYFUNCTION("""COMPUTED_VALUE"""),"Planos de Ação") -> Planos de Ação | F9: =IFERROR(__xludf.DUMMYFUNCTION("QUERY( { 'REGISTRO UNIFICADO'!A4:A1000 , ARRAYFORMULA(IF('REGISTRO UNIFICADO'!Q4:Q1000="""", ""Não Preenchido"", 'REGISTRO UNIFICADO'!Q4:Q1000)) }, ""SELECT Col2, COUNT(Col1) WHERE Col1 IS NOT NULL AND Col1 <> 'Duplicado' GROUP BY Col"&"2 ORDER BY COUNT(Col1) DESC LABEL Col2 'Base Legal', COUNT(Col1) 'Qtd'"", 0)"),"Base Legal") -> Base Legal | G9: =IFERROR(__xludf.DUMMYFUNCTION("""COMPUTED_VALUE"""),"Qtd") -> Qtd
L13: Vulneráveis | M13: Qtd | N13: Total de Processos
L14: Crianças | M14: =COUNTIF('REGISTRO UNIFICADO'!T:T, "*Crianças*") -> 0 | N14: =B3 -> 0
L15: Adolescentes | M15: =COUNTIF('REGISTRO UNIFICADO'!T:T, "*Adolescentes*") -> 0 | N15: =B3 -> 0
L16: Idosos | M16: =COUNTIF('REGISTRO UNIFICADO'!T:T, "*Idosos*") -> 0 | N16: =B3 -> 0
A18: =IFERROR(__xludf.DUMMYFUNCTION("QUERY('REGISTRO UNIFICADO'!A4:BB1000, ""SELECT R, COUNT(A) WHERE A IS NOT NULL AND A <> 'Duplicado' GROUP BY R"", 0)"),"") | B18: =IFERROR(__xludf.DUMMYFUNCTION("""COMPUTED_VALUE"""),"count ") -> count | F18: =IFERROR(__xludf.DUMMYFUNCTION("QUERY('REGISTRO UNIFICADO'!A4:BB1000, ""SELECT Y, COUNT(A) WHERE A IS NOT NULL AND Y IS NOT NULL AND A <> 'Duplicado' GROUP BY Y ORDER BY COUNT(A) DESC LABEL Y 'Risco', COUNT(A) 'Qtd'"", 0)"),"Risco") -> Risco | G18: =IFERROR(__xludf.DUMMYFUNCTION("""COMPUTED_VALUE"""),"Qtd") -> Qtd
H22: =IFERROR(__xludf.DUMMYFUNCTION("{ QUERY( { 'REGISTRO UNIFICADO'!A4:A1000 , ARRAYFORMULA(IF('REGISTRO UNIFICADO'!Q4:Q1000="""", ""Não Preenchido"", 'REGISTRO UNIFICADO'!Q4:Q1000)) }, ""SELECT Col2, COUNT(Col1) WHERE Col1 IS NOT NULL AND Col1 <> 'Duplicado'"&" GROUP BY Col2 ORDER BY COUNT(Col1) DESC LABEL Col2 'Base Legal', COUNT(Col1) 'Quantidade'"", 0); {""TOTAL"" , COUNTIFS('REGISTRO UNIFICADO'!A4:A1000, ""<>"", 'REGISTRO UNIFICADO'!A4:A1000, ""<>Duplicado"")} }"),"Base Legal") -> Base Legal | I22: =IFERROR(__xludf.DUMMYFUNCTION("""COMPUTED_VALUE"""),"Quantidade") -> Quantidade
H23: =IFERROR(__xludf.DUMMYFUNCTION("""COMPUTED_VALUE"""),"TOTAL") -> TOTAL | I23: =IFERROR(__xludf.DUMMYFUNCTION("""COMPUTED_VALUE"""),0.0) -> 0

Sheet Dados
A1: Área | B1: Exemplos de Atividades | C1: Exemplos de Motivo | D1: Exemplos de Dados | E1: Exemplos de Áreas | F1: Exemplos de Quem | G1: Exemplos de Sistemas | H1: Exemplos de Onde Salva | I1: Exemplos de Como Chega | J1: ID | K1: Código da Área | L1: ID Pasta | M1: NOTIFICATION_MAIL_HERE
A2: AREA_HERE | B2: ACTIVITY_EXAMPLES | C2: REASON_EXAMPLE | D2: DATA_EXAMPLE | E2: AREAS_EXAMPLE | F2: WHO_EXAMPLES | G2: SYSTEMS_EXAMPLES | H2: WHERE_EXAMPLES | I2: HOW_EXAMPLES | J2: SHEET_ID_HERE | K2: AREA_CODE | L2: FOLDER_ID_HERE
